source,target_year,target_t,observed_max_3m_abs,baseline_max_3m,baseline_lead_nino,cnop_lead_nino,lead_delta,cnop_max_3m,gain_max_3m,best_start_idx,best_objective,mask_count,case,cluster,pc1,pc2
EC-Earth3,1930,960,0.4750073850154876,-0.3191417455673218,-0.4360970258712768,0.2837117314338684,0.7198087573051453,0.2526425421237945,0.5717842876911163,1,0.7185878753662109,12136,EC-Earth3_1930,2,-0.06864312658499776,0.05057721408576375
EC-Earth3,1904,648,0.2709878385066986,-0.0493333041667938,-0.2891440987586975,0.696796715259552,0.9859408140182496,0.8759257197380066,0.9252590239048004,5,0.9850025177001952,12136,EC-Earth3_1904,2,-0.1565813571533267,-0.02846694367857861
EC-Earth3,1878,336,0.2409280091524124,0.5000889301300049,-0.0914493203163147,1.0045340061187744,1.0959833264350891,1.3786611557006836,0.8785722255706787,0,1.096731185913086,12136,EC-Earth3_1878,2,-0.01825866235545746,-0.014586078624955163
CESM2,1856,72,0.2340704649686813,0.2253171056509018,0.0290551036596298,0.5205512642860413,0.4914961606264114,0.6025211811065674,0.3772040754556656,13,0.4911155700683594,12172,CESM2_1856,3,-0.36403308504522336,-0.2709402977235367
EC-Earth3,1927,924,0.2904192507266998,-0.2051759362220764,-0.2117627114057541,0.5306872129440308,0.7424499243497849,0.5537691712379456,0.758945107460022,10,0.7393245697021484,12136,EC-Earth3_1927,2,-0.24189621154514235,0.1154585468701865
EC-Earth3,1966,1392,0.4599622189998626,0.0883238241076469,-0.6253552436828613,0.2040985971689224,0.8294538408517838,0.920652449131012,0.832328625023365,11,0.8294506072998047,12136,EC-Earth3_1966,2,0.02922427912466883,0.09093156608695574
EC-Earth3,1942,1104,0.1833165436983108,0.4605089724063873,-0.1691437810659408,1.015936017036438,1.1850797981023788,1.374437689781189,0.9139287173748016,5,1.1867008209228516,12136,EC-Earth3_1942,2,-0.04669402167239061,-0.04242978083279959
GFDL-ESM4,1934,1008,0.3613700866699219,0.1111190021038055,-0.2844713926315307,0.7277277708053589,1.0121991634368896,0.8124602437019348,0.7013412415981293,4,1.0141563415527344,12198,GFDL-ESM4_1934,3,-0.04006523544651311,-0.41192300244560964
MPI-ESM1-2-HR,2003,1836,0.2315241545438766,0.5143868327140808,-0.340074211359024,0.4621336460113525,0.8022078573703766,1.3353201150894165,0.8209332823753357,13,0.8032436370849609,12178,MPI-ESM1-2-HR_2003,4,0.6151700735552691,0.15158954138397351
CESM2,1883,396,0.3573195040225982,0.3971292078495025,0.2609554231166839,0.8179987668991089,0.5570433437824249,0.8416293263435364,0.4445001184940338,1,0.5565757751464844,12172,CESM2_1883,3,-0.3519513212149521,-0.26796420843176466
EC-Earth3,1923,876,0.4210904538631439,0.2711497545242309,0.3145796358585357,1.3930500745773315,1.0784704387187958,1.278275489807129,1.007125735282898,6,1.0782489776611328,12136,EC-Earth3_1923,2,0.0010608118154621028,0.010646088588893217
IPSL-CM6A-LR,1879,348,0.4825248718261719,0.1590437293052673,0.1901966780424118,1.1032652854919434,0.9130686074495316,0.9944609999656676,0.8354172706604004,15,0.913066864013672,12116,IPSL-CM6A-LR_1879,1,-0.4487275421365491,0.3108184941435842
MPI-ESM1-2-HR,1868,216,0.3389269411563873,0.231629192829132,0.0678688585758209,0.8869986534118652,0.8191297948360443,1.1231309175491333,0.8915017247200012,8,0.8195228576660156,12178,MPI-ESM1-2-HR_1868,4,0.6346159633980396,0.1805013155537045
GFDL-ESM4,1984,1608,0.3825696408748626,0.1229209974408149,-0.4923739731311798,0.4204711616039276,0.9128451347351074,0.8394836783409119,0.7165626809000969,3,0.9150962829589844,12198,GFDL-ESM4_1984,3,0.05786214862464467,-0.3271114014052159
MPI-ESM1-2-HR,1863,156,0.4999128878116607,0.0318475477397441,0.0178744103759527,0.8568215370178223,0.8389471266418695,0.937189519405365,0.9053419716656208,1,0.8384723663330078,12178,MPI-ESM1-2-HR_1863,4,0.62404434446694,0.06840888373700088
IPSL-CM6A-LR,1880,360,0.1264190673828125,0.1348888427019119,0.1268915981054306,1.116102695465088,0.9892110973596572,1.0345219373703003,0.8996330946683884,2,0.9883460998535156,12116,IPSL-CM6A-LR_1880,1,-0.47300262343401756,0.4123123429726764
EC-Earth3,1971,1452,0.4107303619384765,-0.1995405107736587,-0.374077171087265,0.4979974627494812,0.8720746338367462,0.5809786319732666,0.7805191427469254,2,0.872894287109375,12136,EC-Earth3_1971,2,-0.1009856179940596,0.06643164710926228
IPSL-CM6A-LR,1963,1356,0.3775901794433594,0.0270878281444311,-0.4661484658718109,0.4263054728507995,0.8924539387226105,0.7578476071357727,0.7307597789913416,0,0.8931827545166016,12116,IPSL-CM6A-LR_1963,1,-0.27863085359944467,0.4343872366402236
EC-Earth3,1889,468,0.3245874941349029,0.4427756369113922,-0.2070058733224868,0.9984368085861206,1.2054426819086077,1.3118888139724731,0.8691131770610809,4,1.2058677673339844,12136,EC-Earth3_1889,2,-0.10866694879955985,-0.001987472115282202
EC-Earth3,1948,1176,0.3840484619140625,0.6961736083030701,-0.5457590222358704,0.3165324628353119,0.8622914850711823,1.575973629951477,0.879800021648407,8,0.8600254058837891,12136,EC-Earth3_1948,2,0.018908550559917456,0.06112472148949753
IPSL-CM6A-LR,1905,660,0.3208033144474029,0.0993101596832275,0.1593809872865677,0.9493235349655152,0.7899425476789474,0.8379767537117004,0.7386665940284729,7,0.7885723114013672,12116,IPSL-CM6A-LR_1905,1,-0.2950923514319062,0.36609806495091335
EC-Earth3,1890,480,0.2563463747501373,0.0035043859388679,-0.5905742049217224,0.3863109648227691,0.9768851697444916,0.9082605242729188,0.9047561383340508,3,0.9739780426025392,12136,EC-Earth3_1890,2,-0.11667641826502916,0.015808185104011666
MPI-ESM1-2-HR,1888,456,0.4991645812988281,0.4859136044979095,0.5115332007408142,1.2470232248306274,0.7354900240898132,1.2252249717712402,0.7393113672733307,6,0.7361907958984375,12178,MPI-ESM1-2-HR_1888,4,0.6801028905376821,-0.037517694221120404
GFDL-ESM4,1960,1320,0.4389820098876953,0.0206194370985031,-0.4929895102977752,0.3076910078525543,0.8006805181503296,0.8126642107963562,0.7920447736978531,12,0.8013496398925781,12198,GFDL-ESM4_1960,3,-0.2088038993653185,-0.319353525409687
EC-Earth3,1975,1500,0.1947676390409469,0.1118946075439453,0.1673415899276733,0.925646722316742,0.7583051323890686,0.8580026626586914,0.7461080551147461,0,0.7572345733642578,12136,EC-Earth3_1975,2,-0.08568649164135186,0.13719697339397405
MPI-ESM1-2-HR,1925,900,0.4967848360538482,0.4191202223300934,0.1898136883974075,1.0408157110214231,0.8510020226240158,1.2552728652954102,0.8361526429653168,5,0.8512935638427734,12178,MPI-ESM1-2-HR_1925,4,0.6244988085195619,0.08394063439219795
EC-Earth3,1959,1308,0.1584116667509079,-0.0508656464517116,-0.532123327255249,0.1901125907897949,0.722235918045044,0.7021014094352722,0.7529670558869839,0,0.7206707000732422,12136,EC-Earth3_1959,2,-0.01836332633109103,0.09541834221757152
MPI-ESM1-2-HR,1870,240,0.3394864499568939,-0.0832161381840705,-0.405522882938385,0.3801923394203186,0.7857152223587036,0.7251917719841003,0.8084079101681709,3,0.7860336303710938,12178,MPI-ESM1-2-HR_1870,4,0.5331987941311289,0.12086202921708313
EC-Earth3,1891,492,0.3850549161434173,0.0246641431003808,0.0102488305419683,0.797875702381134,0.7876268718391657,0.7440440058708191,0.7193798627704382,15,0.7861442565917969,12136,EC-Earth3_1891,2,-0.16189777343473602,0.1857773099056478
MPI-ESM1-2-HR,1984,1608,0.4608999788761139,0.3624238073825836,0.1295023411512375,1.1207693815231323,0.9912670403718948,1.230387806892395,0.8679639995098114,1,0.992441177368164,12178,MPI-ESM1-2-HR_1984,4,0.6471394678622351,-0.055326966155402606
MPI-ESM1-2-HR,1904,648,0.4589811861515045,0.3570956289768219,0.3965678811073303,1.1414724588394165,0.7449045777320862,1.0408118963241575,0.6837162673473358,8,0.7452182769775391,12178,MPI-ESM1-2-HR_1904,4,0.5902419952328531,-0.096804657460126
MPI-ESM1-2-HR,1890,480,0.3205133974552154,-0.2025178670883178,-0.1836114525794983,0.5076901912689209,0.6913016438484192,0.4151245057582855,0.6176423728466034,10,0.6921272277832031,12178,MPI-ESM1-2-HR_1890,4,0.4927098685256726,0.18201811186004604
MPI-ESM1-2-HR,1990,1680,0.4964567720890045,0.0572081618010997,0.0211250614374876,0.8286135196685791,0.8074884582310915,0.8562791347503662,0.7990709729492664,10,0.8091773986816406,12178,MPI-ESM1-2-HR_1990,4,0.5385081616067499,-0.014859486312252
GFDL-ESM4,1995,1740,0.2288367003202438,0.3138956129550934,0.1244838535785675,1.4683027267456057,1.343818873167038,1.333107590675354,1.0192119777202606,14,1.3472518920898438,12198,GFDL-ESM4_1995,3,-0.03383222681557573,-0.34038778608101355
GFDL-ESM4,1916,792,0.3001550137996673,-0.0255538895726203,-0.1780116409063339,0.7106990814208984,0.8887107223272324,0.7256708145141602,0.7512247040867805,10,0.8906478881835938,12198,GFDL-ESM4_1916,3,-0.14746570896170652,-0.4103360573153902
IPSL-CM6A-LR,1913,756,0.3978945314884186,0.0960526540875434,-0.5806366205215454,0.4155113697052002,0.9961479902267456,0.8659176230430603,0.7698649689555168,1,0.9964447021484376,12116,IPSL-CM6A-LR_1913,1,-0.45574372649158257,0.33245826421410396
CESM2,1918,816,0.4671319425106048,0.0852342471480369,0.1432873457670211,1.0964512825012207,0.9531639367341996,0.9476664066314696,0.8624321594834328,9,0.9528274536132812,12172,CESM2_1918,3,-0.33693431104902327,-0.12546233489962696
EC-Earth3,1983,1596,0.3125394284725189,-0.1088672280311584,-0.2911045551300049,0.6343194246292114,0.9254239797592164,0.6315119862556458,0.7403792142868042,2,0.9228801727294922,12136,EC-Earth3_1983,2,-0.051495072588257765,0.08874834709133311
EC-Earth3,1949,1188,0.4668610990047455,0.2080298513174057,0.2105715423822403,0.8909183740615845,0.6803468316793442,0.8249373435974121,0.6169074922800064,14,0.6793556213378906,12136,EC-Earth3_1949,2,-0.127831244059251,0.03518860812914645
EC-Earth3,1970,1440,0.3593985140323639,0.4064174592494964,0.2002247124910354,1.45802640914917,1.2578016966581345,1.3443423509597778,0.9379248917102814,8,1.2584495544433594,12136,EC-Earth3_1970,2,-0.05883847023893727,0.056703408614228214
IPSL-CM6A-LR,1921,852,0.3202311098575592,0.5406764149665833,-0.5153218507766724,0.4795316755771637,0.994853526353836,1.3073903322219849,0.7667139172554016,2,0.995685577392578,12116,IPSL-CM6A-LR_1921,1,-0.3790854067145612,0.3745919344725936
IPSL-CM6A-LR,1852,24,0.4522902071475982,0.412186712026596,-0.0512225404381752,0.9515913724899292,1.0028139129281044,1.1048078536987305,0.6926211416721344,11,1.0029354095458984,12116,IPSL-CM6A-LR_1852,1,-0.42195748344638606,0.3368375870634032
EC-Earth3,1994,1728,0.4655596315860748,-0.06272604316473,-0.8264008164405823,-0.2245145291090011,0.6018862873315811,0.7515001893043518,0.8142262324690819,8,0.5994396209716797,12136,EC-Earth3_1994,2,-0.018751098320316822,-0.03474689690694709
MPI-ESM1-2-HR,1962,1344,0.2942021787166595,0.6255531907081604,0.0109101282432675,0.7741924524307251,0.7632823241874576,1.4184211492538452,0.7928679585456848,13,0.7634391784667969,12178,MPI-ESM1-2-HR_1962,4,0.6627014605598688,0.13903353395361392
MPI-ESM1-2-HR,1959,1308,0.4112211763858795,-0.0161368679255247,0.0519654788076877,0.8302609920501709,0.7782955132424831,0.7153504490852356,0.7314873170107603,8,0.7787933349609375,12178,MPI-ESM1-2-HR_1959,4,0.5648208565602092,-0.038938069622453504
GFDL-ESM4,1935,1020,0.3347505033016205,0.6365802884101868,0.5514915585517883,1.5791609287261963,1.027669370174408,1.5365943908691406,0.9000141024589539,4,1.0272483825683594,12198,GFDL-ESM4_1935,3,-0.10775116404857489,-0.5048006561346824
CESM2,1902,624,0.456387847661972,0.2066028267145156,-0.6797959208488464,0.1151763871312141,0.7949723079800606,0.8181565403938293,0.6115537136793137,7,0.7980518341064453,12172,CESM2_1902,3,-0.3482959173255153,-0.04830611402799508
IPSL-CM6A-LR,1854,48,0.4387804567813873,0.4049676656723022,0.4246831238269806,1.449447512626648,1.0247643887996674,1.339035987854004,0.9340683221817015,10,1.024616241455078,12116,IPSL-CM6A-LR_1854,1,-0.4115624469049693,0.2504855149494774
GFDL-ESM4,1891,492,0.3313802182674408,0.5480968952178955,0.450918585062027,1.398533821105957,0.94761523604393,1.340169906616211,0.7920730113983154,1,0.9484634399414062,12198,GFDL-ESM4_1891,3,-0.18031242032146982,-0.4944595529309975
EC-Earth3,1995,1740,0.4167162477970123,0.6429886221885681,0.6836362481117249,1.330515742301941,0.6468794941902161,1.240187168121338,0.5971985459327698,11,0.6470527648925781,12136,EC-Earth3_1995,2,-0.1384502616602582,0.10199515192684325
GFDL-ESM4,1998,1776,0.3940035402774811,0.972719669342041,1.012938380241394,2.1424872875213623,1.1295489072799685,2.0196774005889893,1.0469577312469482,10,1.131866455078125,12198,GFDL-ESM4_1998,3,0.023957951200996485,-0.47500636493450277
GFDL-ESM4,1930,960,0.2520440518856048,-0.252598375082016,-0.3796718418598175,0.7801418900489807,1.1598137319087982,0.7761754393577576,1.0287738144397736,15,1.1623477935791016,12198,GFDL-ESM4_1930,3,-0.1669715294230375,-0.4202445732551514
GFDL-ESM4,1858,96,0.4036458432674408,-0.0969562828540802,-0.4465626180171966,0.5649781823158264,1.011540800333023,0.6125332117080688,0.709489494562149,12,1.0129375457763672,12198,GFDL-ESM4_1858,3,-0.2031892354571939,-0.43718887457019767
MPI-ESM1-2-HR,2007,1884,0.3761743009090423,0.874434232711792,0.3684163987636566,1.209852695465088,0.8414362967014313,1.6564879417419434,0.7820537090301514,11,0.8416957855224609,12178,MPI-ESM1-2-HR_2007,4,0.6811105915955246,0.01646267780680984
GFDL-ESM4,1889,468,0.3650080263614654,0.7170383930206299,-0.3751323521137237,0.561661958694458,0.9367943108081818,1.537899613380432,0.8208612203598022,2,0.935821533203125,12198,GFDL-ESM4_1889,3,-0.10366382688345023,-0.27151958455274466
CESM2,1944,1128,0.3963018953800201,-0.122152991592884,-0.1841993331909179,0.4320904910564422,0.6162898242473602,0.4394004642963409,0.561553455889225,15,0.6156558990478516,12172,CESM2_1944,3,-0.31390992053076544,-0.12919926436388654
GFDL-ESM4,1938,1056,0.3579483032226562,0.7462363839149475,0.772253692150116,2.052609920501709,1.280356228351593,1.938603758811951,1.1923673748970032,10,1.2823638916015625,12198,GFDL-ESM4_1938,3,-0.23996421358300568,-0.4265679024413271
EC-Earth3,1905,660,0.4964364469051361,0.2892204821109772,0.3278089463710785,1.048029899597168,0.7202209532260895,0.943981945514679,0.6547614634037018,6,0.7200164794921875,12136,EC-Earth3_1905,2,-0.15014909210005734,0.03333145043011812
EC-Earth3,1941,1092,0.4223403930664062,-0.1338679939508438,-0.0434108823537826,0.611517608165741,0.6549284905195236,0.4963846206665039,0.6302526146173477,6,0.6538505554199219,12136,EC-Earth3_1941,2,-0.228164250629605,0.04419975550359089
MPI-ESM1-2-HR,1876,312,0.2206541746854782,-0.3474803268909454,-0.4286182522773742,0.3678096234798431,0.7964278757572174,0.517538845539093,0.8650191724300385,8,0.8028488159179688,12178,MPI-ESM1-2-HR_1876,4,0.5038713293899827,0.20427634990312996
IPSL-CM6A-LR,1881,372,0.3297119140625,0.0860607847571373,-0.0502010770142078,0.9514127373695374,1.0016138143837452,0.9029523730278016,0.8168915882706642,14,1.0017318725585938,12116,IPSL-CM6A-LR_1881,1,-0.39726115938462847,0.3241470672191883
IPSL-CM6A-LR,1934,1008,0.4372189939022064,0.4377528131008148,-0.2537502348423004,0.687243640422821,0.9409938752651216,1.2548094987869265,0.8170566856861115,2,0.9410076141357422,12116,IPSL-CM6A-LR_1934,1,-0.323749485980343,0.32552669429827813
MPI-ESM1-2-HR,1922,864,0.4161593019962311,0.2861523330211639,0.0135059505701065,0.8309752345085144,0.8174692839384079,1.0976543426513672,0.8115020096302032,14,0.8193569183349609,12178,MPI-ESM1-2-HR_1922,4,0.56733274991451,0.16996057933160272
EC-Earth3,1996,1752,0.3934987485408783,-0.0407199226319789,-0.1430387794971466,0.8372828960418701,0.9803216755390168,0.8557664752006531,0.8964863978326321,4,0.9794368743896484,12136,EC-Earth3_1996,2,-0.16109455681237403,0.07218137224261292
